[{"model": "admin.logentry", "pk": 1, "fields": {"action_time": "2022-07-21T05:59:24.371Z", "user": 1, "content_type": 10, "object_id": "1", "object_repr": "1 Исакиевский 6а", "action_flag": 1, "change_message": "[{\"added\": {}}]"}}, {"model": "admin.logentry", "pk": 2, "fields": {"action_time": "2022-07-21T06:02:01.042Z", "user": 1, "content_type": 10, "object_id": "2", "object_repr": "2 Полевой 3Б", "action_flag": 1, "change_message": "[{\"added\": {}}]"}}, {"model": "admin.logentry", "pk": 3, "fields": {"action_time": "2022-07-21T06:10:15.067Z", "user": 1, "content_type": 12, "object_id": "1", "object_repr": "id 1 project 2 Полевой 3Б", "action_flag": 1, "change_message": "[{\"added\": {}}]"}}, {"model": "admin.logentry", "pk": 4, "fields": {"action_time": "2022-07-21T06:48:14.090Z", "user": 1, "content_type": 12, "object_id": "2", "object_repr": "id 2 project 1 Исакиевский 6а", "action_flag": 1, "change_message": "[{\"added\": {}}]"}}, {"model": "admin.logentry", "pk": 5, "fields": {"action_time": "2022-07-21T06:49:08.309Z", "user": 1, "content_type": 12, "object_id": "3", "object_repr": "id 3 project 2 Полевой 3Б", "action_flag": 1, "change_message": "[{\"added\": {}}]"}}, {"model": "admin.logentry", "pk": 6, "fields": {"action_time": "2022-07-21T06:50:37.948Z", "user": 1, "content_type": 12, "object_id": "4", "object_repr": "id 4 project 1 Исакиевский 6а", "action_flag": 1, "change_message": "[{\"added\": {}}]"}}, {"model": "admin.logentry", "pk": 7, "fields": {"action_time": "2022-07-21T07:04:29.441Z", "user": 1, "content_type": 12, "object_id": "3", "object_repr": "id 3 project 2 Полевой 3Б", "action_flag": 3, "change_message": ""}}, {"model": "admin.logentry", "pk": 8, "fields": {"action_time": "2022-07-21T07:04:29.448Z", "user": 1, "content_type": 12, "object_id": "1", "object_repr": "id 1 project 2 Полевой 3Б", "action_flag": 3, "change_message": ""}}, {"model": "admin.logentry", "pk": 9, "fields": {"action_time": "2022-07-21T07:24:13.117Z", "user": 1, "content_type": 10, "object_id": "3", "object_repr": "3 Полевой 6б", "action_flag": 1, "change_message": "[{\"added\": {}}]"}}, {"model": "admin.logentry", "pk": 10, "fields": {"action_time": "2022-07-21T07:24:34.703Z", "user": 1, "content_type": 12, "object_id": "5", "object_repr": "id 5 project 1 Исакиевский 6а", "action_flag": 1, "change_message": "[{\"added\": {}}]"}}, {"model": "admin.logentry", "pk": 11, "fields": {"action_time": "2022-07-21T07:24:44.786Z", "user": 1, "content_type": 12, "object_id": "6", "object_repr": "id 6 project 1 Исакиевский 6а", "action_flag": 1, "change_message": "[{\"added\": {}}]"}}, {"model": "admin.logentry", "pk": 12, "fields": {"action_time": "2022-07-21T07:24:55.227Z", "user": 1, "content_type": 12, "object_id": "7", "object_repr": "id 7 project 2 Полевой 3Б", "action_flag": 1, "change_message": "[{\"added\": {}}]"}}, {"model": "admin.logentry", "pk": 13, "fields": {"action_time": "2022-07-21T07:25:04.263Z", "user": 1, "content_type": 12, "object_id": "8", "object_repr": "id 8 project 2 Полевой 3Б", "action_flag": 1, "change_message": "[{\"added\": {}}]"}}, {"model": "admin.logentry", "pk": 14, "fields": {"action_time": "2022-07-21T07:25:11.080Z", "user": 1, "content_type": 12, "object_id": "9", "object_repr": "id 9 project 2 Полевой 3Б", "action_flag": 1, "change_message": "[{\"added\": {}}]"}}, {"model": "admin.logentry", "pk": 15, "fields": {"action_time": "2022-07-21T07:25:22.313Z", "user": 1, "content_type": 12, "object_id": "10", "object_repr": "id 10 project 1 Исакиевский 6а", "action_flag": 1, "change_message": "[{\"added\": {}}]"}}, {"model": "admin.logentry", "pk": 16, "fields": {"action_time": "2022-07-21T07:25:31.319Z", "user": 1, "content_type": 12, "object_id": "11", "object_repr": "id 11 project 2 Полевой 3Б", "action_flag": 1, "change_message": "[{\"added\": {}}]"}}, {"model": "admin.logentry", "pk": 17, "fields": {"action_time": "2022-07-21T07:25:40.496Z", "user": 1, "content_type": 12, "object_id": "12", "object_repr": "id 12 project 2 Полевой 3Б", "action_flag": 1, "change_message": "[{\"added\": {}}]"}}, {"model": "admin.logentry", "pk": 18, "fields": {"action_time": "2022-07-21T07:25:48.590Z", "user": 1, "content_type": 12, "object_id": "13", "object_repr": "id 13 project 1 Исакиевский 6а", "action_flag": 1, "change_message": "[{\"added\": {}}]"}}, {"model": "admin.logentry", "pk": 19, "fields": {"action_time": "2022-07-21T07:27:08.729Z", "user": 1, "content_type": 13, "object_id": "1", "object_repr": "FeedabckModel object (1)", "action_flag": 1, "change_message": "[{\"added\": {}}]"}}, {"model": "admin.logentry", "pk": 20, "fields": {"action_time": "2022-07-21T07:29:05.915Z", "user": 1, "content_type": 13, "object_id": "2", "object_repr": "FeedabckModel object (2)", "action_flag": 1, "change_message": "[{\"added\": {}}]"}}, {"model": "admin.logentry", "pk": 21, "fields": {"action_time": "2022-07-21T07:40:40.109Z", "user": 1, "content_type": 11, "object_id": "1", "object_repr": "1 None", "action_flag": 1, "change_message": "[{\"added\": {}}]"}}, {"model": "admin.logentry", "pk": 22, "fields": {"action_time": "2022-07-21T07:40:56.642Z", "user": 1, "content_type": 11, "object_id": "2", "object_repr": "2 None", "action_flag": 1, "change_message": "[{\"added\": {}}]"}}, {"model": "admin.logentry", "pk": 23, "fields": {"action_time": "2022-07-21T07:41:07.695Z", "user": 1, "content_type": 11, "object_id": "3", "object_repr": "3 None", "action_flag": 1, "change_message": "[{\"added\": {}}]"}}, {"model": "auth.permission", "pk": 1, "fields": {"name": "Can add log entry", "content_type": 1, "codename": "add_logentry"}}, {"model": "auth.permission", "pk": 2, "fields": {"name": "Can change log entry", "content_type": 1, "codename": "change_logentry"}}, {"model": "auth.permission", "pk": 3, "fields": {"name": "Can delete log entry", "content_type": 1, "codename": "delete_logentry"}}, {"model": "auth.permission", "pk": 4, "fields": {"name": "Can view log entry", "content_type": 1, "codename": "view_logentry"}}, {"model": "auth.permission", "pk": 5, "fields": {"name": "Can add permission", "content_type": 2, "codename": "add_permission"}}, {"model": "auth.permission", "pk": 6, "fields": {"name": "Can change permission", "content_type": 2, "codename": "change_permission"}}, {"model": "auth.permission", "pk": 7, "fields": {"name": "Can delete permission", "content_type": 2, "codename": "delete_permission"}}, {"model": "auth.permission", "pk": 8, "fields": {"name": "Can view permission", "content_type": 2, "codename": "view_permission"}}, {"model": "auth.permission", "pk": 9, "fields": {"name": "Can add group", "content_type": 3, "codename": "add_group"}}, {"model": "auth.permission", "pk": 10, "fields": {"name": "Can change group", "content_type": 3, "codename": "change_group"}}, {"model": "auth.permission", "pk": 11, "fields": {"name": "Can delete group", "content_type": 3, "codename": "delete_group"}}, {"model": "auth.permission", "pk": 12, "fields": {"name": "Can view group", "content_type": 3, "codename": "view_group"}}, {"model": "auth.permission", "pk": 13, "fields": {"name": "Can add content type", "content_type": 4, "codename": "add_contenttype"}}, {"model": "auth.permission", "pk": 14, "fields": {"name": "Can change content type", "content_type": 4, "codename": "change_contenttype"}}, {"model": "auth.permission", "pk": 15, "fields": {"name": "Can delete content type", "content_type": 4, "codename": "delete_contenttype"}}, {"model": "auth.permission", "pk": 16, "fields": {"name": "Can view content type", "content_type": 4, "codename": "view_contenttype"}}, {"model": "auth.permission", "pk": 17, "fields": {"name": "Can add session", "content_type": 5, "codename": "add_session"}}, {"model": "auth.permission", "pk": 18, "fields": {"name": "Can change session", "content_type": 5, "codename": "change_session"}}, {"model": "auth.permission", "pk": 19, "fields": {"name": "Can delete session", "content_type": 5, "codename": "delete_session"}}, {"model": "auth.permission", "pk": 20, "fields": {"name": "Can view session", "content_type": 5, "codename": "view_session"}}, {"model": "auth.permission", "pk": 21, "fields": {"name": "Can add base_bad", "content_type": 6, "codename": "add_base_bad"}}, {"model": "auth.permission", "pk": 22, "fields": {"name": "Can change base_bad", "content_type": 6, "codename": "change_base_bad"}}, {"model": "auth.permission", "pk": 23, "fields": {"name": "Can delete base_bad", "content_type": 6, "codename": "delete_base_bad"}}, {"model": "auth.permission", "pk": 24, "fields": {"name": "Can view base_bad", "content_type": 6, "codename": "view_base_bad"}}, {"model": "auth.permission", "pk": 25, "fields": {"name": "Can add base_matherials", "content_type": 7, "codename": "add_base_matherials"}}, {"model": "auth.permission", "pk": 26, "fields": {"name": "Can change base_matherials", "content_type": 7, "codename": "change_base_matherials"}}, {"model": "auth.permission", "pk": 27, "fields": {"name": "Can delete base_matherials", "content_type": 7, "codename": "delete_base_matherials"}}, {"model": "auth.permission", "pk": 28, "fields": {"name": "Can view base_matherials", "content_type": 7, "codename": "view_base_matherials"}}, {"model": "auth.permission", "pk": 29, "fields": {"name": "Can add base_work", "content_type": 8, "codename": "add_base_work"}}, {"model": "auth.permission", "pk": 30, "fields": {"name": "Can change base_work", "content_type": 8, "codename": "change_base_work"}}, {"model": "auth.permission", "pk": 31, "fields": {"name": "Can delete base_work", "content_type": 8, "codename": "delete_base_work"}}, {"model": "auth.permission", "pk": 32, "fields": {"name": "Can view base_work", "content_type": 8, "codename": "view_base_work"}}, {"model": "auth.permission", "pk": 33, "fields": {"name": "Can add Новости", "content_type": 9, "codename": "add_news"}}, {"model": "auth.permission", "pk": 34, "fields": {"name": "Can change Новости", "content_type": 9, "codename": "change_news"}}, {"model": "auth.permission", "pk": 35, "fields": {"name": "Can delete Новости", "content_type": 9, "codename": "delete_news"}}, {"model": "auth.permission", "pk": 36, "fields": {"name": "Can view Новости", "content_type": 9, "codename": "view_news"}}, {"model": "auth.permission", "pk": 37, "fields": {"name": "Can add Проект", "content_type": 10, "codename": "add_project"}}, {"model": "auth.permission", "pk": 38, "fields": {"name": "Can change Проект", "content_type": 10, "codename": "change_project"}}, {"model": "auth.permission", "pk": 39, "fields": {"name": "Can delete Проект", "content_type": 10, "codename": "delete_project"}}, {"model": "auth.permission", "pk": 40, "fields": {"name": "Can view Проект", "content_type": 10, "codename": "view_project"}}, {"model": "auth.permission", "pk": 41, "fields": {"name": "Can add Картинка к новости", "content_type": 11, "codename": "add_newspicture"}}, {"model": "auth.permission", "pk": 42, "fields": {"name": "Can change Картинка к новости", "content_type": 11, "codename": "change_newspicture"}}, {"model": "auth.permission", "pk": 43, "fields": {"name": "Can delete Картинка к новости", "content_type": 11, "codename": "delete_newspicture"}}, {"model": "auth.permission", "pk": 44, "fields": {"name": "Can view Картинка к новости", "content_type": 11, "codename": "view_newspicture"}}, {"model": "auth.permission", "pk": 45, "fields": {"name": "Can add Фотография к проекту", "content_type": 12, "codename": "add_image"}}, {"model": "auth.permission", "pk": 46, "fields": {"name": "Can change Фотография к проекту", "content_type": 12, "codename": "change_image"}}, {"model": "auth.permission", "pk": 47, "fields": {"name": "Can delete Фотография к проекту", "content_type": 12, "codename": "delete_image"}}, {"model": "auth.permission", "pk": 48, "fields": {"name": "Can view Фотография к проекту", "content_type": 12, "codename": "view_image"}}, {"model": "auth.permission", "pk": 49, "fields": {"name": "Can add Отзыв", "content_type": 13, "codename": "add_feedabckmodel"}}, {"model": "auth.permission", "pk": 50, "fields": {"name": "Can change Отзыв", "content_type": 13, "codename": "change_feedabckmodel"}}, {"model": "auth.permission", "pk": 51, "fields": {"name": "Can delete Отзыв", "content_type": 13, "codename": "delete_feedabckmodel"}}, {"model": "auth.permission", "pk": 52, "fields": {"name": "Can view Отзыв", "content_type": 13, "codename": "view_feedabckmodel"}}, {"model": "auth.permission", "pk": 53, "fields": {"name": "Can add пользователь", "content_type": 14, "codename": "add_user"}}, {"model": "auth.permission", "pk": 54, "fields": {"name": "Can change пользователь", "content_type": 14, "codename": "change_user"}}, {"model": "auth.permission", "pk": 55, "fields": {"name": "Can delete пользователь", "content_type": 14, "codename": "delete_user"}}, {"model": "auth.permission", "pk": 56, "fields": {"name": "Can view пользователь", "content_type": 14, "codename": "view_user"}}, {"model": "contenttypes.contenttype", "pk": 1, "fields": {"app_label": "admin", "model": "logentry"}}, {"model": "contenttypes.contenttype", "pk": 2, "fields": {"app_label": "auth", "model": "permission"}}, {"model": "contenttypes.contenttype", "pk": 3, "fields": {"app_label": "auth", "model": "group"}}, {"model": "contenttypes.contenttype", "pk": 4, "fields": {"app_label": "contenttypes", "model": "contenttype"}}, {"model": "contenttypes.contenttype", "pk": 5, "fields": {"app_label": "sessions", "model": "session"}}, {"model": "contenttypes.contenttype", "pk": 6, "fields": {"app_label": "mainapp", "model": "base_bad"}}, {"model": "contenttypes.contenttype", "pk": 7, "fields": {"app_label": "mainapp", "model": "base_matherials"}}, {"model": "contenttypes.contenttype", "pk": 8, "fields": {"app_label": "mainapp", "model": "base_work"}}, {"model": "contenttypes.contenttype", "pk": 9, "fields": {"app_label": "mainapp", "model": "news"}}, {"model": "contenttypes.contenttype", "pk": 10, "fields": {"app_label": "mainapp", "model": "project"}}, {"model": "contenttypes.contenttype", "pk": 11, "fields": {"app_label": "mainapp", "model": "newspicture"}}, {"model": "contenttypes.contenttype", "pk": 12, "fields": {"app_label": "mainapp", "model": "image"}}, {"model": "contenttypes.contenttype", "pk": 13, "fields": {"app_label": "mainapp", "model": "feedabckmodel"}}, {"model": "contenttypes.contenttype", "pk": 14, "fields": {"app_label": "authapp", "model": "user"}}, {"model": "sessions.session", "pk": "1trpyisx91t2ou2yhmn9zzdfnqkynx4n", "fields": {"session_data": ".eJxVjEsOwiAUAO_C2hC-D3DpvmcgPB6VqqFJaVfGuxuSLnQ7M5k3i-nYazx62eJC7Moku_wyTPlZ2hD0SO2-8ry2fVuQj4SftvNppfK6ne3foKZex1ZbN1uvc_AmYCKhAEA4TU5AUVIbYYCQiqCMGWcjFHkMMiMBOG81-3wBwy43cA:1oER5E:rG-_D4oG1pfMWZQZat1FfK7usC0AQ_n1vXf2gjHs_sg", "expire_date": "2022-08-04T07:58:56.409Z"}}, {"model": "sessions.session", "pk": "3pon4uctpjak53q13tk71ld3bkleucth", "fields": {"session_data": ".eJxVjMEOwiAQBf-FsyHAUmA9eu83EGCpVA0kpT0Z_9026UGvb2bem_mwrcVvPS9-JnZlkl1-txjSM9cD0CPUe-Op1XWZIz8UftLOx0b5dTvdv4MSetlrJ51BGS3ZAFllraTAiQDSkEgIBI1RgyFMk7TWDDuPMTlplUABGCz7fAHBgTa2:1oEP6Y:N_VgYFPY3b9Mhjyar67_GT1f8pwbc9OTsuddQdv0p7w", "expire_date": "2022-08-04T05:52:10.409Z"}}, {"model": "sessions.session", "pk": "pbefh52bjr4ufqvn1wk7yr6sgzudqu8v", "fields": {"session_data": ".eJxVjMEOwiAQBf-FsyHAUmA9eu83EGCpVA0kpT0Z_9026UGvb2bem_mwrcVvPS9-JnZlkl1-txjSM9cD0CPUe-Op1XWZIz8UftLOx0b5dTvdv4MSetlrJ51BGS3ZAFllraTAiQDSkEgIBI1RgyFMk7TWDDuPMTlplUABGCz7fAHBgTa2:1oEQML:CB8cO9eB0RaEhdCKwVWxOML5yUlTJovQ2i3eiDSV7zs", "expire_date": "2022-08-04T07:12:33.039Z"}}, {"model": "sessions.session", "pk": "s1dyj0pjhvofs2cmlbdz0u8f4ihfx7br", "fields": {"session_data": ".eJxVjMEOwiAQBf-FsyHAUmA9eu83EGCpVA0kpT0Z_9026UGvb2bem_mwrcVvPS9-JnZlkl1-txjSM9cD0CPUe-Op1XWZIz8UftLOx0b5dTvdv4MSetlrJ51BGS3ZAFllraTAiQDSkEgIBI1RgyFMk7TWDDuPMTlplUABGCz7fAHBgTa2:1oEThu:3z52VCYGVgIHW3ngKLLSqUqW699cECkCq1T1w9Aaqxw", "expire_date": "2022-08-04T10:47:02.734Z"}}, {"model": "mainapp.base_work", "pk": 1, "fields": {"work_type": "Геодезические"}}, {"model": "mainapp.base_work", "pk": 2, "fields": {"work_type": "Подготовительные"}}, {"model": "mainapp.base_work", "pk": 3, "fields": {"work_type": "Земляные"}}, {"model": "mainapp.base_work", "pk": 4, "fields": {"work_type": "Каменные"}}, {"model": "mainapp.base_work", "pk": 5, "fields": {"work_type": "Бетонные/железобетонные"}}, {"model": "mainapp.base_work", "pk": 6, "fields": {"work_type": "Монтажные"}}, {"model": "mainapp.base_work", "pk": 7, "fields": {"work_type": "Кровельные"}}, {"model": "mainapp.base_work", "pk": 8, "fields": {"work_type": "Отделочные"}}, {"model": "mainapp.base_work", "pk": 9, "fields": {"work_type": "Изоляционные"}}, {"model": "mainapp.base_work", "pk": 10, "fields": {"work_type": "Слаботочные"}}, {"model": "mainapp.base_matherials", "pk": 1, "fields": {"matherials_type": "Кирпич"}}, {"model": "mainapp.base_matherials", "pk": 2, "fields": {"matherials_type": "Блоки"}}, {"model": "mainapp.base_matherials", "pk": 3, "fields": {"matherials_type": "Каркас"}}, {"model": "mainapp.base_bad", "pk": 1, "fields": {"bad_type": "ленточный"}}, {"model": "mainapp.base_bad", "pk": 2, "fields": {"bad_type": "столбчатый"}}, {"model": "mainapp.base_bad", "pk": 3, "fields": {"bad_type": "свайный"}}, {"model": "mainapp.base_bad", "pk": 4, "fields": {"bad_type": "плитный"}}, {"model": "mainapp.base_bad", "pk": 5, "fields": {"bad_type": "комбинированный"}}, {"model": "mainapp.news", "pk": 1, "fields": {"created": "2022-07-21T10:42:13.337Z", "updated": "2022-07-21T10:42:13.337Z", "deleted": false, "title": " Аенеан урна лео, рутрум волутпат маурис нец, фацилисис молестие тортор. Алиqуам виверра пурус а qуам лациниа еуисмод. Нунц фацилисис ниси долор, qуис семпер дуи еуисмод вел. Алиqуам ин урна qуис лео феугиат фауцибус.", "preamble": " Вестибулум ултрицес долор егет пурус семпер еуисмод. Вестибулум анте ипсум примис ин фауцибус орци луцтус ет ултрицес посуере цубилиа Цурае. Пеллентесqуе аццумсан ац диам ин ферментум. Нунц нон цонсеqуат ми.", "body": " Нуллам лациниа претиум темпус. Аенеан урна лео, рутрум волутпат маурис нец, фацилисис молестие тортор. ат лобортис нулла рхонцус витае. Нулла ид аццумсан юсто."}}, {"model": "mainapp.news", "pk": 2, "fields": {"created": "2022-07-21T10:42:13.337Z", "updated": "2022-07-21T10:42:13.337Z", "deleted": false, "title": " Етиам вененатис лео нец цурсус маттис. Нулла ултрицес темпус тортор витае вехицула. Цурабитур ет фелис нец диам дицтум ултрицес вестибулум ац ерос. Црас маурис лигула, интердум семпер тинцидунт сед, орнаре а ипсум.", "preamble": " Сед улламцорпер либеро qуис нисл соллицитудин, ут пулвинар арцу цонсецтетур. Алиqуам ерат волутпат. Нулла ултрицес темпус тортор витае вехицула. Аенеан а нулла нисл.", "body": " Нулла ет ест нец магна фацилисис сагиттис. Праесент елеифенд ми сед ми претиум пеллентесqуе. Морби еу лео а долор алиqует дицтум. Црас ултрицес арцу нец виверра цонсецтетур."}}, {"model": "mainapp.news", "pk": 3, "fields": {"created": "2022-07-21T10:42:13.337Z", "updated": "2022-07-21T10:42:13.337Z", "deleted": false, "title": " Црас плацерат анте qуис дуи цонсеqуат цурсус. Интегер дицтум ест qуис семпер тристиqуе. Нам хендрерит егестас сем, нон моллис тортор иацулис qуис. Суспендиссе сцелерисqуе ауцтор сапиен.", "preamble": " Донец молестие урна ет сцелерисqуе лаореет. Интегер пхаретра магна адиписцинг, импердиет аугуе ац, бландит фелис. елеифенд орци. Qуисqуе фацилисис пхаретра фелис фауцибус гравида.", "body": " Ин сусципит qуам а вехицула тинцидунт. Црас ултрицес арцу нец виверра цонсецтетур. Донец ниси нибх, цондиментум ет лецтус нон, аццумсан импердиет ипсум. Сед цонсецтетур претиум хендрерит."}}, {"model": "mainapp.news", "pk": 4, "fields": {"created": "2022-07-21T10:42:13.337Z", "updated": "2022-07-21T10:42:13.337Z", "deleted": false, "title": " Алиqуам цонгуе пурус qуис либеро ферментум цурсус. Нуллам моллис ерат нон импердиет импердиет. Интегер лациниа цоммодо рисус вел цурсус. ац вехицула лацус.", "preamble": " Суспендиссе сцелерисqуе ауцтор сапиен. Цурабитур ид егестас ерос. Нулла ид аццумсан юсто. Ин сусципит qуам а вехицула тинцидунт.", "body": " Цум социис натоqуе пенатибус ет магнис дис партуриент монтес, насцетур ридицулус мус. Црас маттис пулвинар лацус, витае пулвинар магна егестас нон. Фусце нон лаореет урна. Маурис гравида елеифенд лаореет."}}, {"model": "mainapp.news", "pk": 5, "fields": {"created": "2022-07-21T10:42:13.337Z", "updated": "2022-07-21T10:42:13.337Z", "deleted": false, "title": " Донец елементум адиписцинг дицтум. Праесент тинцидунт дицтум лецтус, сед алиqуам ерос. Маурис ац юсто qуис анте посуере вехицула. Алиqуам еу дапибус урна.", "preamble": " Аенеан улламцорпер велит сит амет дигниссим ферментум. Вивамус ет ултрицес лацус. Праесент елеифенд ми сед ми претиум пеллентесqуе. Донец темпус дуи егет моллис фрингилла.", "body": " Маурис пеллентесqуе гравида ми нон маттис. Qуисqуе еу претиум лацус. Маеценас qуис нунц цурсус фелис фрингилла цонсеqуат. Пхаселлус темпор лигула ин нисл пеллентесqуе маттис."}}, {"model": "mainapp.news", "pk": 6, "fields": {"created": "2022-07-21T10:42:13.337Z", "updated": "2022-07-21T10:42:13.337Z", "deleted": false, "title": " Суспендиссе импердиет тортор егет маттис цонсецтетур. Нулла ултрицес темпус тортор витае вехицула. Аенеан а нулла нисл. Интегер дапибус лацус витае луцтус сагиттис.", "preamble": " Нам еуисмод семпер ниси, еу лациниа фелис плацерат вел. Qуисqуе нец ерос лорем. Проин ат ипсум ац теллус хендрерит ултрициес. Црас ултрицес арцу нец виверра цонсецтетур.", "body": " Етиам тинцидунт фрингилла лигула, ин адиписцинг либеро виверра еу. Донец елементум адиписцинг дицтум. Проин цонсецтетур урна сит амет маттис вулпутате. ац лациниа маурис рхонцус ин."}}, {"model": "mainapp.news", "pk": 7, "fields": {"created": "2022-07-21T10:42:13.337Z", "updated": "2022-07-21T10:42:13.337Z", "deleted": false, "title": " Маурис вестибулум феугиат рисус. Вестибулум цурсус еуисмод посуере. Етиам аугуе нунц, лобортис вел виверра сит амет, претиум ет лацус. Црас ид алиqуам неqуе, вел цонсеqуат сапиен.", "preamble": " Интегер аццумсан. Нулла нец ауцтор долор. Нам егет теллус qуам. Сед нунц турпис, пхаретра вел лео ац, лациниа цурсус рисус.", "body": " Вестибулум лео юсто, рхонцус ат алиqуам ет, иацулис сед долор. Етиам qуис масса ац нисл аццумсан цонваллис витае ац аугуе. Нам еуисмод семпер ниси, еу лациниа фелис плацерат вел. Нулла фацилиси."}}, {"model": "mainapp.news", "pk": 8, "fields": {"created": "2022-07-21T10:42:13.337Z", "updated": "2022-07-21T10:42:13.337Z", "deleted": false, "title": " Сед ферментум рхонцус дапибус. Фусце нон ест рисус. Нам хендрерит егестас сем, нон моллис тортор иацулис qуис. Сед нунц турпис, пхаретра вел лео ац, лациниа цурсус рисус.", "preamble": " ат лобортис нулла рхонцус витае. Ут витае молестие ерат. Суспендиссе ниси лорем, цурсус а тристиqуе а, порттитор ин нисл. Маурис еним нисл, соллицитудин ат рхонцус витае, цонваллис нец маурис.", "body": " Етиам ултрицес нибх юсто. Нулла ат еним дицтум, цонсецтетур лигула егет, вехицула ниси. Вестибулум цурсус еуисмод посуере. Пхаселлус ауцтор хендрерит сапиен виверра фацилисис."}}, {"model": "mainapp.news", "pk": 9, "fields": {"created": "2022-07-21T10:42:13.337Z", "updated": "2022-07-21T10:42:13.337Z", "deleted": false, "title": " Нулла ултрицес темпус тортор витае вехицула. Нам хендрерит егестас сем, нон моллис тортор иацулис qуис. Нулла фацилиси. Фусце нон лаореет урна.", "preamble": " Аенеан маттис виверра сем, витае луцтус велит рхонцус нон. Вестибулум сагиттис орци qуис рисус ултрициес феугиат. Интегер бибендум витае урна ин орнаре. Вестибулум сагиттис орци qуис рисус ултрициес феугиат.", "body": " Ут вестибулум лаореет ерос qуис цурсус. Алиqуам ин урна qуис лео феугиат фауцибус. Интегер лациниа цоммодо рисус вел цурсус. Qуисqуе ац рисус нибх."}}, {"model": "mainapp.news", "pk": 10, "fields": {"created": "2022-07-21T10:42:13.337Z", "updated": "2022-07-21T10:42:13.337Z", "deleted": false, "title": " Фусце нон ест рисус. qуис пхаретра пурус тинцидунт qуис. Вестибулум сагиттис орци qуис рисус ултрициес феугиат. Нулла сусципит нец лорем ет лобортис.", "preamble": " Ут феугиат дуи нец турпис содалес алиqуам. Морби цонсеqуат елеифенд неqуе ет иацулис. Етиам тинцидунт фрингилла лигула, ин адиписцинг либеро виверра еу. Нулла фацилиси.", "body": " Проин цоммодо ерос ин моллис моллис. Морби еу лео а долор алиqует дицтум. Пхаселлус соллицитудин дуи ут луцтус цонсецтетур. Морби еу лео а долор алиqует дицтум."}}, {"model": "mainapp.news", "pk": 11, "fields": {"created": "2022-07-21T10:42:13.337Z", "updated": "2022-07-21T10:42:13.337Z", "deleted": false, "title": " Донец ниси нибх, цондиментум ет лецтус нон, аццумсан импердиет ипсум. Ин ин ниси тинцидунт, цоммодо лорем qуис. Етиам ултрицес нибх юсто. Маурис бибендум цурсус нибх, сит амет елеифенд маурис луцтус витае.", "preamble": " Пхаселлус турпис лорем, содалес qуис сем ид, фацилисис цоммодо масса. Аенеан вел арцу еу ест ферментум егестас вулпутате егет пурус. Маурис неqуе ест, посуере qуис долор нон, волутпат гравида тортор. Вестибулум ултрицес долор егет пурус семпер еуисмод.", "body": " Морби претиум велит либеро, адиписцинг цонсеqуат лео дигниссим еу. Маурис неqуе ест, посуере qуис долор нон, волутпат гравида тортор. Фусце цонваллис теллус аугуе, qуис волутпат теллус дапибус сагиттис. Нуллам ид арцу ат маурис вариус виверра ут витае масса."}}, {"model": "mainapp.news", "pk": 12, "fields": {"created": "2022-07-21T10:42:13.337Z", "updated": "2022-07-21T10:42:13.337Z", "deleted": false, "title": " Алиqуам еу дапибус урна. Вивамус ет ултрицес лацус. Маеценас qуис нибх сед долор адиписцинг фацилисис. Маурис еним нисл, соллицитудин ат рхонцус витае, цонваллис нец маурис.", "preamble": " Црас цонваллис бибендум тортор малесуада тинцидунт. Цурабитур вариус цоммодо рутрум. Вестибулум цурсус еуисмод посуере. Qуисqуе цонгуе алиqует волутпат.", "body": " Qуисqуе ац рисус нибх. Нулла нец ауцтор долор. Нулла нец ауцтор долор. Етиам ат аугуе сусципит, вехицула сапиен сит амет."}}, {"model": "mainapp.news", "pk": 13, "fields": {"created": "2022-07-21T10:42:13.337Z", "updated": "2022-07-21T10:42:13.337Z", "deleted": false, "title": " Маурис пеллентесqуе гравида ми нон маттис. Цурабитур цонгуе витае рисус нец посуере. Нулла ет ест нец магна фацилисис сагиттис. Нулла ид аццумсан юсто.", "preamble": " Ут вестибулум лаореет ерос qуис цурсус. Етиам тинцидунт фрингилла лигула, ин адиписцинг либеро виверра еу. Етиам тинцидунт фрингилла лигула, ин адиписцинг либеро виверра еу. Цурабитур цонгуе витае рисус нец посуере.", "body": " Донец плацерат тортор ут лорем фацилисис цонгуе. Ут витае молестие ерат. Вестибулум анте ипсум примис ин фауцибус орци луцтус ет ултрицес посуере цубилиа Цурае. Маурис пеллентесqуе гравида ми нон маттис."}}, {"model": "mainapp.news", "pk": 14, "fields": {"created": "2022-07-21T10:42:13.337Z", "updated": "2022-07-21T10:42:13.337Z", "deleted": false, "title": " Ин сусципит qуам а вехицула тинцидунт. Пхаселлус ауцтор хендрерит сапиен виверра фацилисис. Фусце нон ест рисус. Етиам qуис масса ац нисл аццумсан цонваллис витае ац аугуе.", "preamble": " Маурис еним нисл, соллицитудин ат рхонцус витае, цонваллис нец маурис.Донец пулвинар темпус лецтус витае ултрициес. Суспендиссе сцелерисqуе ауцтор сапиен. Морби бибендум сагиттис рутрум.", "body": " Донец ниси нибх, цондиментум ет лецтус нон, аццумсан импердиет ипсум. Нулла ат еним дицтум, цонсецтетур лигула егет, вехицула ниси. Нулла нец ауцтор долор. Етиам аугуе нунц, лобортис вел виверра сит амет, претиум ет лацус."}}, {"model": "mainapp.news", "pk": 15, "fields": {"created": "2022-07-21T10:42:13.337Z", "updated": "2022-07-21T10:42:13.337Z", "deleted": false, "title": " Вестибулум ултрицес долор егет пурус семпер еуисмод. Донец ниси нибх, цондиментум ет лецтус нон, аццумсан импердиет ипсум. Вестибулум лео юсто, рхонцус ат алиqуам ет, иацулис сед долор. Суспендиссе сцелерисqуе ауцтор сапиен.", "preamble": " Фусце нон лаореет урна. Вестибулум цурсус еуисмод посуере. Нуллам цондиментум маурис ид qуам тинцидунт вененатис. Пхаселлус соллицитудин дуи ут луцтус цонсецтетур.", "body": " Морби бибендум сагиттис рутрум. Интегер дицтум ест qуис семпер тристиqуе. Црас аццумсан нулла еу либеро темпус, ин дигниссим аугуе импердиет. Аенеан вел арцу еу ест ферментум егестас вулпутате егет пурус."}}, {"model": "mainapp.news", "pk": 16, "fields": {"created": "2022-07-21T10:42:13.337Z", "updated": "2022-07-21T10:42:13.337Z", "deleted": false, "title": " Qуисqуе ауцтор вестибулум цондиментум. Донец феугиат вестибулум тортор, ид фрингилла ниси лобортис еу. Црас маурис лигула, интердум семпер тинцидунт сед, орнаре а ипсум.Донец пулвинар темпус лецтус витае ултрициес.", "preamble": " Цурабитур иацулис цонсеqуат одио ут импердиет. Цласс аптент тацити социосqу ад литора торqуент пер цонубиа ностра, пер инцептос хименаеос. Алиqуам виверра пурус а qуам лациниа еуисмод. Фусце цонваллис теллус аугуе, qуис волутпат теллус дапибус сагиттис.", "body": " Вивамус улламцорпер, урна ат ултрицес алиqуам, орци либеро гравида лигула, нон пулвинар сем магна сед тортор. Qуисqуе ауцтор вестибулум цондиментум. Суспендиссе лацус ерат, цурсус ат долор ин, вулпутате цонваллис сапиен. Маеценас qуис нибх сед долор адиписцинг фацилисис."}}, {"model": "mainapp.news", "pk": 17, "fields": {"created": "2022-07-21T10:42:13.337Z", "updated": "2022-07-21T10:42:13.337Z", "deleted": false, "title": " Фусце витае вариус нунц. Етиам вененатис лео нец цурсус маттис. Нулла ултрицес темпус тортор витае вехицула. Фусце нон лаореет урна.", "preamble": " Qуисqуе молестие тинцидунт пурус. Морби бибендум сагиттис рутрум. Нулла сусципит нец лорем ет лобортис. Цурабитур ид егестас ерос.", "body": " Донец интердум вехицула масса сед алиqуам. сед моллис ипсум дапибус витае. Нуллам ид арцу ат маурис вариус виверра ут витае масса. Црас маттис пулвинар лацус, витае пулвинар магна егестас нон."}}, {"model": "mainapp.news", "pk": 18, "fields": {"created": "2022-07-21T10:42:13.337Z", "updated": "2022-07-21T10:42:13.337Z", "deleted": false, "title": " Сед фрингилла елит хендрерит лео бландит лаореет егет qуис qуам. Ин ац нунц ипсум. Проин ат ипсум ац теллус хендрерит ултрициес. Суспендиссе еу лигула витае ест тристиqуе аццумсан нец адиписцинг рисус.", "preamble": " Цурабитур цонгуе витае рисус нец посуере. Нулла ултрицес темпус тортор витае вехицула. Нам егет теллус qуам. Етиам витае дуи ин долор порта луцтус сед ид елит.", "body": " qуис пхаретра пурус тинцидунт qуис. Маурис неqуе ест, посуере qуис долор нон, волутпат гравида тортор.Дуис егет вулпутате лигула. Донец феугиат вестибулум тортор, ид фрингилла ниси лобортис еу."}}, {"model": "mainapp.news", "pk": 19, "fields": {"created": "2022-07-21T10:42:13.337Z", "updated": "2022-07-21T10:42:13.337Z", "deleted": false, "title": " Фусце нон ест рисус. Црас плацерат анте qуис дуи цонсеqуат цурсус. Цласс аптент тацити социосqу ад литора торqуент пер цонубиа ностра, пер инцептос хименаеос. Нулла ат еним дицтум, цонсецтетур лигула егет, вехицула ниси.", "preamble": " Интегер пхаретра магна адиписцинг, импердиет аугуе ац, бландит фелис. Аенеан ац интердум ипсум. Интегер лациниа цоммодо рисус вел цурсус. Аенеан маттис виверра сем, витае луцтус велит рхонцус нон.", "body": " Нулла нец ауцтор долор. Ин цонваллис пеллентесqуе лорем, а лобортис ерат молестие ет. Нам егет теллус qуам. Фусце витае вариус нунц."}}, {"model": "mainapp.news", "pk": 20, "fields": {"created": "2022-07-21T10:42:13.337Z", "updated": "2022-07-21T10:42:13.337Z", "deleted": false, "title": " Маурис вестибулум феугиат рисус. Qуисqуе фацилисис пхаретра фелис фауцибус гравида. Пеллентесqуе аццумсан ац диам ин ферментум. Интегер дицтум ест qуис семпер тристиqуе.", "preamble": " Вестибулум сагиттис орци qуис рисус ултрициес феугиат.Донец пулвинар темпус лецтус витае ултрициес. Нунц феугиат велит ест, ат алиqуам масса тристиqуе еу. Нулла фацилиси.", "body": " Донец молестие урна ет сцелерисqуе лаореет. Qуисqуе ац рисус нибх. Аенеан вел арцу еу ест ферментум егестас вулпутате егет пурус. Нулла нец ауцтор долор."}}, {"model": "mainapp.news", "pk": 21, "fields": {"created": "2022-07-21T07:39:03.334Z", "updated": "2022-07-21T07:39:03.334Z", "deleted": false, "title": " Пхаселлус темпор лигула ин нисл пеллентесqуе маттис. Вестибулум анте ипсум примис ин фауцибус орци луцтус ет ултрицес посуере цубилиа Цурае. Интегер аццумсан. сед моллис ипсум дапибус витае.", "preamble": " Црас ид алиqуам неqуе, вел цонсеqуат сапиен. Qуисqуе дуи магна, улламцорпер ет лео егет, цоммодо фацилисис ипсум. Ин ац нунц ипсум. Маеценас витае масса егет лорем орнаре дигниссим.", "body": " Нуллам алиqует лецтус маурис, qуис дигниссим ест моллис сед. Сед ферментум рхонцус дапибус. елеифенд орци. Qуисqуе фацилисис пхаретра фелис фауцибус гравида."}}, {"model": "mainapp.news", "pk": 22, "fields": {"created": "2022-07-21T07:39:03.334Z", "updated": "2022-07-21T07:39:03.334Z", "deleted": false, "title": " Цум социис натоqуе пенатибус ет магнис дис партуриент монтес, насцетур ридицулус мус. Нам хендрерит егестас сем, нон моллис тортор иацулис qуис. Ин ин ниси тинцидунт, цоммодо лорем qуис. Сед цонсецтетур претиум хендрерит.", "preamble": " Нунц фацилисис ниси долор, qуис семпер дуи еуисмод вел. Вестибулум лео юсто, рхонцус ат алиqуам ет, иацулис сед долор. Сед фрингилла елит хендрерит лео бландит лаореет егет qуис qуам. Цурабитур цонгуе витае рисус нец посуере.", "body": " Нулла ултрицес темпус тортор витае вехицула. Нулла ид аццумсан юсто. Морби вел адиписцинг аугуе. Етиам вененатис лео нец цурсус маттис."}}, {"model": "mainapp.news", "pk": 23, "fields": {"created": "2022-07-21T07:39:03.334Z", "updated": "2022-07-21T07:39:03.334Z", "deleted": false, "title": " Проин цонсецтетур урна сит амет маттис вулпутате. Сед цонсецтетур претиум хендрерит. Фусце ид цонгуе лео. ац вехицула лацус.", "preamble": " Сед фрингилла елит хендрерит лео бландит лаореет егет qуис qуам. Алиqуам ин урна qуис лео феугиат фауцибус. ат лобортис нулла рхонцус витае. Донец молестие урна ет сцелерисqуе лаореет.", "body": " Интегер лациниа цоммодо рисус вел цурсус. Фусце елеифенд лацус лецтус, вел орнаре фелис лациниа ут. Ин ин ниси тинцидунт, цоммодо лорем qуис. Ут феугиат дуи нец турпис содалес алиqуам."}}, {"model": "mainapp.news", "pk": 24, "fields": {"created": "2022-07-21T07:39:03.334Z", "updated": "2022-07-21T07:39:03.334Z", "deleted": false, "title": " Етиам вененатис лео нец цурсус маттис. Qуисqуе молестие магна еу аццумсан лобортис. Маурис пеллентесqуе гравида ми нон маттис. Пхаселлус ид алиqует ерат.", "preamble": " Цум социис натоqуе пенатибус ет магнис дис партуриент монтес, насцетур ридицулус мус. Нунц гравида хендрерит масса, ин пеллентесqуе нунц дицтум ид. Нунц нон цонсеqуат ми. Морби семпер тинцидунт лорем ид иацулис.", "body": " нисл витае ферментум малесуада, сапиен нулла содалес орци, ет елементум лацус пурус вел пурус. Донец ниси нибх, цондиментум ет лецтус нон, аццумсан импердиет ипсум. Етиам витае дуи ин долор порта луцтус сед ид елит. Етиам тинцидунт фрингилла лигула, ин адиписцинг либеро виверра еу."}}, {"model": "mainapp.news", "pk": 25, "fields": {"created": "2022-07-21T07:39:03.334Z", "updated": "2022-07-21T07:39:03.334Z", "deleted": false, "title": " Сед алиqует претиум тристиqуе. Qуисqуе ац рисус нибх. Qуисqуе еу претиум лацус. Аенеан урна лео, рутрум волутпат маурис нец, фацилисис молестие тортор.", "preamble": " Аенеан урна лео, рутрум волутпат маурис нец, фацилисис молестие тортор. Вивамус плацерат, неqуе ид сагиттис порттитор, нунц qуам вариус долор, сит амет егестас нулла рисус еу одио. Морби цонсеqуат елеифенд неqуе ет иацулис. Аенеан ац интердум ипсум.", "body": " Пхаселлус ид алиqует ерат. Ут сед сем а одио алиqуам елементум. Нуллам цондиментум маурис ид qуам тинцидунт вененатис. Нулла фацилиси."}}, {"model": "mainapp.news", "pk": 26, "fields": {"created": "2022-07-21T07:39:03.334Z", "updated": "2022-07-21T07:39:03.334Z", "deleted": false, "title": " Маурис пеллентесqуе гравида ми нон маттис. Фусце ид цонгуе лео. Етиам ат аугуе сусципит, вехицула сапиен сит амет. Сед цонсецтетур претиум хендрерит.", "preamble": " Qуисqуе еу претиум лацус. Цурабитур ет фелис нец диам дицтум ултрицес вестибулум ац ерос. Морби еу лео а долор алиqует дицтум. Суспендиссе ниси лорем, цурсус а тристиqуе а, порттитор ин нисл.", "body": " Qуисqуе фацилисис пхаретра фелис фауцибус гравида. Интегер нон рутрум ест. Фусце елеифенд лацус лецтус, вел орнаре фелис лациниа ут. ац вехицула лацус."}}, {"model": "mainapp.news", "pk": 27, "fields": {"created": "2022-07-21T07:39:03.334Z", "updated": "2022-07-21T07:39:03.334Z", "deleted": false, "title": " Сед ферментум рхонцус дапибус. Суспендиссе еу лигула витае ест тристиqуе аццумсан нец адиписцинг рисус. Алиqуам орнаре дуи нон нунц лаореет, нон виверра долор семпер. Фусце елеифенд лацус лецтус, вел орнаре фелис лациниа ут.", "preamble": " Вивамус аццумсан ми волутпат диам лациниа, витае семпер лецтус пхаретра. qуис пхаретра пурус тинцидунт qуис. Алиqуам ин урна qуис лео феугиат фауцибус. Нулла сусципит нец лорем ет лобортис.", "body": " Етиам темпор qуис анте вел рхонцус. Етиам qуис масса ац нисл аццумсан цонваллис витае ац аугуе. Етиам ултрицес нибх юсто. Сед цонсецтетур претиум хендрерит."}}, {"model": "mainapp.news", "pk": 28, "fields": {"created": "2022-07-21T07:39:03.334Z", "updated": "2022-07-21T07:39:03.334Z", "deleted": false, "title": " Аенеан урна лео, рутрум волутпат маурис нец, фацилисис молестие тортор. Цласс аптент тацити социосqу ад литора торqуент пер цонубиа ностра, пер инцептос хименаеос. Суспендиссе еу лигула витае ест тристиqуе аццумсан нец адиписцинг рисус. Qуисqуе дуи магна, улламцорпер ет лео егет, цоммодо фацилисис ипсум.", "preamble": " Фусце цонваллис теллус аугуе, qуис волутпат теллус дапибус сагиттис. Суспендиссе еу лигула витае ест тристиqуе аццумсан нец адиписцинг рисус. тинцидунт нисл. Цум социис натоqуе пенатибус ет магнис дис партуриент монтес, насцетур ридицулус мус.", "body": " Вестибулум сагиттис орци qуис рисус ултрициес феугиат. Маурис ац юсто qуис анте посуере вехицула. Пеллентесqуе елементум лецтус егет масса темпус елементум. Суспендиссе импердиет тортор егет маттис цонсецтетур."}}, {"model": "mainapp.news", "pk": 29, "fields": {"created": "2022-07-21T07:39:03.335Z", "updated": "2022-07-21T07:39:03.335Z", "deleted": false, "title": " Qуисqуе ац рисус нибх.Донец пулвинар темпус лецтус витае ултрициес. Вестибулум ултрицес долор егет пурус семпер еуисмод. Донец феугиат вестибулум тортор, ид фрингилла ниси лобортис еу.", "preamble": " Интегер дицтум ест qуис семпер тристиqуе. Цурабитур вариус цоммодо рутрум. Морби цонсеqуат елеифенд неqуе ет иацулис. Вивамус витае улламцорпер теллус.", "body": " Пеллентесqуе елементум лецтус егет масса темпус елементум. Нам хендрерит егестас сем, нон моллис тортор иацулис qуис. Пхаселлус ауцтор хендрерит сапиен виверра фацилисис. Ин ин ниси тинцидунт, цоммодо лорем qуис."}}, {"model": "mainapp.news", "pk": 30, "fields": {"created": "2022-07-21T07:39:03.335Z", "updated": "2022-07-21T07:39:03.335Z", "deleted": false, "title": " Нунц нон цонсеqуат ми. Нунц феугиат велит ест, ат алиqуам масса тристиqуе еу. Етиам ат аугуе сусципит, вехицула сапиен сит амет. тинцидунт нисл.", "preamble": " Нунц гравида хендрерит масса, ин пеллентесqуе нунц дицтум ид. Qуисqуе нон пулвинар магна. Цум социис натоqуе пенатибус ет магнис дис партуриент монтес, насцетур ридицулус мус. Црас ултрицес арцу нец виверра цонсецтетур.", "body": " Пхаселлус семпер сапиен аугуе, ин гравида неqуе егестас ат. Ин ац нунц ипсум. Пеллентесqуе аццумсан ац диам ин ферментум. Морби еу лео а долор алиqует дицтум."}}, {"model": "mainapp.news", "pk": 31, "fields": {"created": "2022-07-21T07:39:03.335Z", "updated": "2022-07-21T07:39:03.335Z", "deleted": false, "title": " Qуисqуе нец ерос лорем. Вивамус а лациниа одио. Цурабитур ид егестас ерос. Морби ултрициес аугуе а лациниа порта.", "preamble": " Цласс аптент тацити социосqу ад литора торqуент пер цонубиа ностра, пер инцептос хименаеос. Маеценас qуис нунц цурсус фелис фрингилла цонсеqуат. Црас плацерат анте qуис дуи цонсеqуат цурсус. Вестибулум ултрицес долор егет пурус семпер еуисмод.", "body": " ат лобортис нулла рхонцус витае. Интегер дапибус лацус витае луцтус сагиттис. Нулла ултрицес темпус тортор витае вехицула. Вивамус плацерат, неqуе ид сагиттис порттитор, нунц qуам вариус долор, сит амет егестас нулла рисус еу одио."}}, {"model": "mainapp.news", "pk": 32, "fields": {"created": "2022-07-21T07:39:03.335Z", "updated": "2022-07-21T07:39:03.335Z", "deleted": false, "title": " Фусце елеифенд лацус лецтус, вел орнаре фелис лациниа ут. Фусце цонваллис теллус аугуе, qуис волутпат теллус дапибус сагиттис. елеифенд орци. Морби цонсеqуат елеифенд неqуе ет иацулис.", "preamble": " Qуисqуе еу претиум лацус. Морби претиум велит либеро, адиписцинг цонсеqуат лео дигниссим еу. Сед фрингилла елит хендрерит лео бландит лаореет егет qуис qуам. Вестибулум лео юсто, рхонцус ат алиqуам ет, иацулис сед долор.", "body": " Проин цоммодо ерос ин моллис моллис. Вивамус плацерат, неqуе ид сагиттис порттитор, нунц qуам вариус долор, сит амет егестас нулла рисус еу одио. Етиам ултрицес нибх юсто. Qуисqуе ерат нулла, елементум сит амет нибх вел, посуере пулвинар нулла."}}, {"model": "mainapp.news", "pk": 33, "fields": {"created": "2022-07-21T07:39:03.335Z", "updated": "2022-07-21T07:39:03.335Z", "deleted": false, "title": " Нуллам цондиментум маурис ид qуам тинцидунт вененатис. Нунц нон цонсеqуат ми. Маурис неqуе ест, посуере qуис долор нон, волутпат гравида тортор. Нулла ултрицес темпус тортор витае вехицула.", "preamble": " Донец ут нунц ултрицес, фрингилла нунц ут, темпор елит. Пхаселлус турпис лорем, содалес qуис сем ид, фацилисис цоммодо масса. Нулла фацилиси. Пхаселлус турпис лорем, содалес qуис сем ид, фацилисис цоммодо масса.", "body": " Маеценас витае масса егет лорем орнаре дигниссим. Ут вестибулум лаореет ерос qуис цурсус. Цурабитур ид егестас ерос. Маурис гравида елеифенд лаореет."}}, {"model": "mainapp.news", "pk": 34, "fields": {"created": "2022-07-21T07:39:03.335Z", "updated": "2022-07-21T07:39:03.335Z", "deleted": false, "title": " Ин нибх сем, темпус ац дигниссим вел, орнаре ац ми. Донец ферментум неqуе ин ерос цурсус, ац тинцидунт сапиен цонсеqуат. Фусце нон ест рисус. Проин ат ипсум ац теллус хендрерит ултрициес.", "preamble": " Нунц феугиат велит ест, ат алиqуам масса тристиqуе еу. Qуисqуе нон пулвинар магна. Пхаселлус темпор лигула ин нисл пеллентесqуе маттис. Ут вестибулум лаореет ерос qуис цурсус.", "body": " Вивамус а лациниа одио. Вивамус витае улламцорпер теллус. Суспендиссе лацус ерат, цурсус ат долор ин, вулпутате цонваллис сапиен. Нам еуисмод семпер ниси, еу лациниа фелис плацерат вел."}}, {"model": "mainapp.news", "pk": 35, "fields": {"created": "2022-07-21T07:39:03.335Z", "updated": "2022-07-21T07:39:03.335Z", "deleted": false, "title": " Ин арцу неqуе, гравида ут ферментум ут, плацерат еу qуам. Нулла ултрицес темпус тортор витае вехицула. Интегер пхаретра магна адиписцинг, импердиет аугуе ац, бландит фелис. Пхаселлус соллицитудин дуи ут луцтус цонсецтетур.", "preamble": " Qуисqуе фацилисис пхаретра фелис фауцибус гравида. Нам еуисмод семпер ниси, еу лациниа фелис плацерат вел. Сед урна qуам, пеллентесqуе егет елеифенд ац, цонсеqуат бибендум урна. Донец темпус дуи егет моллис фрингилла.", "body": " Нуллам моллис ерат нон импердиет импердиет. Qуисqуе цонгуе алиqует волутпат. Цурабитур иацулис цонсеqуат одио ут импердиет. Пеллентесqуе аццумсан ац диам ин ферментум."}}, {"model": "mainapp.news", "pk": 36, "fields": {"created": "2022-07-21T07:39:03.335Z", "updated": "2022-07-21T07:39:03.335Z", "deleted": false, "title": " Аенеан а нулла нисл. Вивамус аццумсан ми волутпат диам лациниа, витае семпер лецтус пхаретра. Qуисqуе ац рисус нибх. Етиам тинцидунт фрингилла лигула, ин адиписцинг либеро виверра еу.", "preamble": " Праесент тинцидунт дицтум лецтус, сед алиqуам ерос. Етиам тинцидунт фрингилла лигула, ин адиписцинг либеро виверра еу. Вестибулум лео юсто, рхонцус ат алиqуам ет, иацулис сед долор. Qуисqуе молестие тинцидунт пурус.", "body": " Вивамус витае улламцорпер теллус. Ин нибх сем, темпус ац дигниссим вел, орнаре ац ми. Ин сусципит qуам а вехицула тинцидунт. Ин сусципит qуам а вехицула тинцидунт."}}, {"model": "mainapp.news", "pk": 37, "fields": {"created": "2022-07-21T07:39:03.335Z", "updated": "2022-07-21T07:39:03.335Z", "deleted": false, "title": " Морби ултрициес аугуе а лациниа порта. ат лобортис нулла рхонцус витае. Нулла цонгуе сцелерисqуе ест нец цоммодо. Нунц феугиат велит ест, ат алиqуам масса тристиqуе еу.", "preamble": " Суспендиссе цондиментум маурис нон ипсум рхонцус, сит амет хендрерит аугуе гравида. Алиqуам орнаре дуи нон нунц лаореет, нон виверра долор семпер. Ут витае молестие ерат. Етиам витае дуи ин долор порта луцтус сед ид елит.", "body": " Аенеан вел арцу еу ест ферментум егестас вулпутате егет пурус. Црас цонваллис бибендум тортор малесуада тинцидунт. Цум социис натоqуе пенатибус ет магнис дис партуриент монтес, насцетур ридицулус мус. Суспендиссе лацус ерат, цурсус ат долор ин, вулпутате цонваллис сапиен."}}, {"model": "mainapp.news", "pk": 38, "fields": {"created": "2022-07-21T07:39:03.335Z", "updated": "2022-07-21T07:39:03.335Z", "deleted": false, "title": " Интегер аццумсан. Етиам ат аугуе сусципит, вехицула сапиен сит амет. Нулла цонгуе сцелерисqуе ест нец цоммодо. Пхаселлус соллицитудин дуи ут луцтус цонсецтетур.", "preamble": " Проин ат ипсум ац теллус хендрерит ултрициес. Етиам qуис масса ац нисл аццумсан цонваллис витае ац аугуе. Фусце нон лаореет урна. Алиqуам виверра пурус а qуам лациниа еуисмод.", "body": " Цум социис натоqуе пенатибус ет магнис дис партуриент монтес, насцетур ридицулус мус. Ут витае молестие ерат. qуис пхаретра пурус тинцидунт qуис. Ин цонваллис пеллентесqуе лорем, а лобортис ерат молестие ет."}}, {"model": "mainapp.news", "pk": 39, "fields": {"created": "2022-07-21T07:39:03.335Z", "updated": "2022-07-21T07:39:03.335Z", "deleted": false, "title": "Дуис егет вулпутате лигула. Етиам ултрицес нибх юсто. ац вехицула лацус. Фусце витае вариус нунц.", "preamble": " Нулла ид аццумсан юсто. Алиqуам орнаре дуи нон нунц лаореет, нон виверра долор семпер.Донец пулвинар темпус лецтус витае ултрициес. Донец елементум адиписцинг дицтум.", "body": " Алиqуам еу дапибус урна. Суспендиссе цондиментум маурис нон ипсум рхонцус, сит амет хендрерит аугуе гравида. Етиам ултрицес нибх юсто. Фусце цонваллис теллус аугуе, qуис волутпат теллус дапибус сагиттис."}}, {"model": "mainapp.news", "pk": 40, "fields": {"created": "2022-07-21T07:39:03.335Z", "updated": "2022-07-21T07:39:03.335Z", "deleted": false, "title": " Цурабитур ид егестас ерос. Интегер пхаретра магна адиписцинг, импердиет аугуе ац, бландит фелис. Пхаселлус темпор лигула ин нисл пеллентесqуе маттис. Сед ферментум рхонцус дапибус.", "preamble": " Qуисqуе нон пулвинар магна. Пеллентесqуе елементум лецтус егет масса темпус елементум. Вивамус улламцорпер, урна ат ултрицес алиqуам, орци либеро гравида лигула, нон пулвинар сем магна сед тортор. Црас ултрицес арцу нец виверра цонсецтетур.", "body": " Алиqуам ин урна qуис лео феугиат фауцибус. Ин нибх сем, темпус ац дигниссим вел, орнаре ац ми. Етиам ултрицес нибх юсто. Нунц нон цонсеqуат ми."}}, {"model": "mainapp.newspicture", "pk": 1, "fields": {"created": "2022-07-21T07:40:40.103Z", "updated": "2022-07-21T07:40:40.103Z", "deleted": false, "picture": "media/image_news/2022/07/21/7.jpeg", "describe": null, "news": 36}}, {"model": "mainapp.newspicture", "pk": 2, "fields": {"created": "2022-07-21T07:40:56.637Z", "updated": "2022-07-21T07:40:56.637Z", "deleted": false, "picture": "media/image_news/2022/07/21/finishing2.jpeg", "describe": null, "news": 33}}, {"model": "mainapp.newspicture", "pk": 3, "fields": {"created": "2022-07-21T07:41:07.693Z", "updated": "2022-07-21T07:41:07.693Z", "deleted": false, "picture": "media/image_news/2022/07/21/eath3.jpg", "describe": null, "news": 21}}, {"model": "mainapp.project", "pk": 1, "fields": {"created": "2022-07-21T05:59:24.366Z", "updated": "2022-07-21T05:59:24.366Z", "deleted": false, "title": "Исакиевский 6а", "body": "супер дом 120м вапавпвапвпва вапваыпывапывапыва ваыпывапывап ывапывап выапвыап", "map": "text/javascript\" charset=\"utf-8\" async src=\"https://api-maps.yandex.ru/services/constructor/1.0/js/?um=constructor%3A86beb8068e335f56c5be98fb757091150e4d97f342be3f73bfe7983cfde8af1b&amp;width=500&amp;height=400&amp;lang=ru_RU&amp;scroll=true", "start_date": "2022-05-21", "stop_date": "2022-07-21", "house_area": 120, "material": 1, "bad": 3, "works": [3, 4, 5, 6, 7]}}, {"model": "mainapp.project", "pk": 2, "fields": {"created": "2022-07-21T06:02:01.036Z", "updated": "2022-07-21T06:02:01.036Z", "deleted": false, "title": "Полевой 3Б", "body": "Дом просто дом ваааааааааааааажва ж              оооооооооооооооооооооооооооооод                             шргггггггггггггшшшшшшшшшшшшшшшшшшшшшшшшшшшшшшшшшшшшшшшшшшшшшшшшшш ршшшшшшшшшшшг олооо", "map": "https://api-maps.yandex.ru/services/constructor/1.0/js/?um=constructor%3A86beb8068e335f56c5be98fb757091150e4d97f342be3f73bfe7983cfde8af1b&amp;width=500&amp;height=400&amp;lang=ru_RU&amp;scroll=true", "start_date": "2021-03-21", "stop_date": "2021-07-21", "house_area": 1000, "material": 2, "bad": 2, "works": [3]}}, {"model": "mainapp.project", "pk": 3, "fields": {"created": "2022-07-21T07:24:13.112Z", "updated": "2022-07-21T07:24:13.112Z", "deleted": false, "title": "Полевой 6б", "body": "Просто дом", "map": "Null", "start_date": "2021-07-21", "stop_date": "2022-02-21", "house_area": 1000, "material": 2, "bad": 3, "works": [3]}}, {"model": "mainapp.image", "pk": 2, "fields": {"created": "2022-07-21T06:48:14.075Z", "updated": "2022-07-21T06:48:14.075Z", "deleted": false, "project": 1, "works": 2, "describe": null, "image": "media/photo_projects/2022-07-21_isakievskij-6a/finishing2.jpeg"}}, {"model": "mainapp.image", "pk": 5, "fields": {"created": "2022-07-21T07:24:34.687Z", "updated": "2022-07-21T07:24:34.687Z", "deleted": false, "project": 1, "works": 3, "describe": null, "image": "media/photo_projects/2022-05-21_isakievskij-6a/installation.jpg"}}, {"model": "mainapp.image", "pk": 6, "fields": {"created": "2022-07-21T07:24:44.781Z", "updated": "2022-07-21T07:24:44.781Z", "deleted": false, "project": 1, "works": 8, "describe": null, "image": "media/photo_projects/2022-05-21_isakievskij-6a/stone2.jpg"}}, {"model": "mainapp.image", "pk": 7, "fields": {"created": "2022-07-21T07:24:55.222Z", "updated": "2022-07-21T07:24:55.222Z", "deleted": false, "project": 2, "works": 9, "describe": null, "image": "media/photo_projects/2021-03-21_polevoj-3b/roofing3.jpg"}}, {"model": "mainapp.image", "pk": 8, "fields": {"created": "2022-07-21T07:25:04.258Z", "updated": "2022-07-21T07:25:04.258Z", "deleted": false, "project": 2, "works": 3, "describe": null, "image": "media/photo_projects/2021-03-21_polevoj-3b/stone3.jpg"}}, {"model": "mainapp.image", "pk": 9, "fields": {"created": "2022-07-21T07:25:11.076Z", "updated": "2022-07-21T07:25:11.076Z", "deleted": false, "project": 2, "works": 1, "describe": null, "image": "media/photo_projects/2021-03-21_polevoj-3b/eath3.jpg"}}, {"model": "mainapp.image", "pk": 10, "fields": {"created": "2022-07-21T07:25:22.309Z", "updated": "2022-07-21T07:25:22.309Z", "deleted": false, "project": 1, "works": 5, "describe": null, "image": "media/photo_projects/2022-05-21_isakievskij-6a/preparation_3.jpg"}}, {"model": "mainapp.image", "pk": 11, "fields": {"created": "2022-07-21T07:25:31.314Z", "updated": "2022-07-21T07:25:31.314Z", "deleted": false, "project": 2, "works": 8, "describe": null, "image": "media/photo_projects/2021-03-21_polevoj-3b/geodeziya3.jpg"}}, {"model": "mainapp.image", "pk": 12, "fields": {"created": "2022-07-21T07:25:40.492Z", "updated": "2022-07-21T07:25:40.492Z", "deleted": false, "project": 2, "works": 7, "describe": null, "image": "media/photo_projects/2021-03-21_polevoj-3b/installation2.jpg"}}, {"model": "mainapp.image", "pk": 13, "fields": {"created": "2022-07-21T07:25:48.586Z", "updated": "2022-07-21T07:25:48.586Z", "deleted": false, "project": 1, "works": 10, "describe": null, "image": "media/photo_projects/2022-05-21_isakievskij-6a/roofing2.jpg"}}, {"model": "mainapp.feedabckmodel", "pk": 1, "fields": {"created": "2022-07-21T07:27:08.716Z", "updated": "2022-07-21T07:27:08.716Z", "deleted": false, "title": "Хорошо построил", "body": "Мнорго текста            до лдотвдл                 лдориор                       \r\nваыпвыапывап\r\nвыапвыапыв\r\nывапрывапыву\r\nрыва\r\nрпваырп\r\nыврыврыврыварыврываричсмитаывтпат\r\nаптавпт\r\n\r\nаптр\r\nап", "name_feetbacker": "Михаил Петров", "photo_feetbacker": "images/feedbackers/IMG_20220619_082818.jpg", "project": 1, "bad": 2, "material": 3, "works": [3, 4, 5]}}, {"model": "mainapp.feedabckmodel", "pk": 2, "fields": {"created": "2022-07-21T07:29:05.910Z", "updated": "2022-07-21T07:29:05.911Z", "deleted": false, "title": "Норм вроде ниче так", "body": "выапвапвап   НОРМ", "name_feetbacker": "Василий Пупкин", "photo_feetbacker": "", "project": 2, "bad": 2, "material": 2, "works": [8]}}, {"model": "authapp.user", "pk": 1, "fields": {"password": "pbkdf2_sha256$320000$O5WZYsyExxw4Hecec1sVAA$NJ0oBqZbnWmVesP+j+cA0nct5w3qr4XLBwHyQR/3Z6A=", "last_login": "2022-07-21T10:47:02.727Z", "is_superuser": true, "username": "test", "first_name": "", "last_name": "", "email": "test@test.ru", "is_staff": true, "is_active": true, "date_joined": "2022-07-21T05:51:47.067Z", "groups": [], "user_permissions": []}}]